<?xml version="1.0" encoding="UTF-8"?>
<project-private xmlns="http://www.netbeans.org/ns/project-private/1">
    <editor-bookmarks xmlns="http://www.netbeans.org/ns/editor-bookmarks/2" lastBookmarkId="0"/>
    <open-files xmlns="http://www.netbeans.org/ns/projectui-open-files/2">
        <group name="JoseLuiz"/>
        <group>
            <file>file:/C:/Users/443384/Desktop/06.06/src/Entidades/Lista.java</file>
            <file>file:/C:/Users/443384/Desktop/06.06/src/Telas/TelaPrincipal.java</file>
            <file>file:/C:/Users/443384/Desktop/06.06/src/Negocio/NPedido.java</file>
            <file>file:/C:/Users/443384/Desktop/06.06/src/Entidades/No.java</file>
        </group>
    </open-files>
</project-private>
